Rec_Session_Id,Trial_Nr,Trial_Id,Block_Name,Block_Nr,Task_Name,Task_Nr,age,audiofile,Condition_Id,copy_of_factor1_tg1_task3_2585,copy_of_factor1_tg1_task3_75eb,ease,edu,factor1_tg1_task3,imphear,interest,L1,notes,prep,prolific,q1,q2,q3,self,test
736575,1,1,nopints,1,instructions,1,"","",1,"","","","","","","","","","",5e7233d26cce16168bd7e196,"","","","",""
736575,1,3,nopints,1,nopints,2,"",engl310_13_synth_noPINTs.wav,3,"",engl310_13_synth_nopints,"","","","","","","","","",1,4,"","",""
736575,2,2,nopints,1,nopints,2,"",engl310_07_synth_noPINTs.wav,2,"",engl310_07_synth_nopints,"","","","","","","","","",4,2,"","",""
736575,3,4,nopints,1,nopints,2,"",engl310_24_synth_noPINTs.wav,4,"",engl310_24_synth_nopints,"","","","","","","","","",2,4,"","",""
736575,4,1,nopints,1,nopints,2,"",engl310_01_synth_noPINTs.wav,1,"",engl310_01_synth_nopints,"","","","","","","","","",1,1,"","",""
736575,1,1,nopints,1,questionnaire,3,30,"",1,"","",3,uni,"",no,4,ger,no,3,"","","","",adv,c2
736575,1,1,nopints,1,congratulations,4,"","",1,"","","","","","","","","","","","","","","",""
736578,1,1,sil,1,instructions,1,"","",1,"","","","","","","","","","",63ff1cff61ad0e2a685a7123,"","","","",""
736578,1,4,sil,1,silence,2,"",engl310_24_synth_sil.wav,4,engl310_24_synth_sil,"","","","","","","","","","",3,4,"","",""
736578,2,2,sil,1,silence,2,"",engl310_07_synth_sil.wav,2,engl310_07_synth_sil,"","","","","","","","","","",4,2,"","",""
736578,3,3,sil,1,silence,2,"",engl310_13_synth_sil.wav,3,engl310_13_synth_sil,"","","","","","","","","","",1,4,"","",""
736578,4,1,sil,1,silence,2,"",engl310_01_synth_sil.wav,1,engl310_01_synth_sil,"","","","","","","","","","",1,1,"","",""
736578,1,1,sil,1,questionnaire,3,22,"",1,"","",1,hs,"",no,4,ger,no,2,"","","","",adv,none
736578,1,1,sil,1,congratulations,4,"","",1,"","","","","","","","","","","","","","","",""
736579,1,1,base,1,instructions,1,"","",1,"","","","","","","","","","",63cf0e0b1f1c6afb816f4072,"","","","",""
736579,1,3,base,1,base,2,"",engl310_13_synth_base.wav,3,"","","","",engl310_13_synth_base,"","","","","","",1,4,"","",""
736579,2,2,base,1,base,2,"",engl310_07_synth_base.wav,2,"","","","",engl310_07_synth_base,"","","","","","",4,3,"","",""
736579,3,4,base,1,base,2,"",engl310_24_synth_base.wav,4,"","","","",engl310_24_synth_base,"","","","","","",1,4,"","",""
736579,4,1,base,1,base,2,"",engl310_01_synth_base.wav,1,"","","","",engl310_01_synth_base,"","","","","","",4,1,"","",""
736579,1,1,base,1,questionnaire,3,38,"",1,"","",1,hs,"",no,2,ger,no,1,"","","","",adv,none
736579,1,1,base,1,congratulations,4,"","",1,"","","","","","","","","","","","","","","",""
736581,1,1,nopints_cg,1,instructions_computergen,1,"","",1,"","","","","","","","","","",610038f434bfc30dd06483be,"","","","",""
736581,1,1,nopints_cg,1,nopints,2,"",engl310_01_synth_noPINTs.wav,1,"",engl310_01_synth_nopints,"","","","","","","","","",1,3,"","",""
736581,2,4,nopints_cg,1,nopints,2,"",engl310_24_synth_noPINTs.wav,4,"",engl310_24_synth_nopints,"","","","","","","","","",1,4,"","",""
736581,3,2,nopints_cg,1,nopints,2,"",engl310_07_synth_noPINTs.wav,2,"",engl310_07_synth_nopints,"","","","","","","","","",4,2,"","",""
736581,4,3,nopints_cg,1,nopints,2,"",engl310_13_synth_noPINTs.wav,3,"",engl310_13_synth_nopints,"","","","","","","","","",2,4,"","",""
736581,1,1,nopints_cg,1,questionnaire,3,22,"",1,"","",4,uni,"",no,4,ger,no,4,"","","","",adv,c2
736581,1,1,nopints_cg,1,congratulations,4,"","",1,"","","","","","","","","","","","","","","",""
736584,1,1,base,1,instructions,1,"","",1,"","","","","","","","","","",60f866ea13e9f2e5cf2fa8fc,"","","","",""
736584,1,3,base,1,base,2,"",engl310_13_synth_base.wav,3,"","","","",engl310_13_synth_base,"","","","","","",1,4,"","",""
736584,2,1,base,1,base,2,"",engl310_01_synth_base.wav,1,"","","","",engl310_01_synth_base,"","","","","","",1,3,"","",""
736584,3,2,base,1,base,2,"",engl310_07_synth_base.wav,2,"","","","",engl310_07_synth_base,"","","","","","",4,2,"","",""
736584,4,4,base,1,base,2,"",engl310_24_synth_base.wav,4,"","","","",engl310_24_synth_base,"","","","","","",2,1,"","",""
736584,1,1,base,1,questionnaire,3,23,"",1,"","",2,hs,"",no,1,ger,no,2,"","","","",int,b1
736584,1,1,base,1,congratulations,4,"","",1,"","","","","","","","","","","","","","","",""
736585,1,1,sil_cg,1,instructions_computergen,1,"","",1,"","","","","","","","","","",6060dc354e4fcd8373c1380b,"","","","",""
736585,1,1,sil_cg,1,silence,2,"",engl310_01_synth_sil.wav,1,engl310_01_synth_sil,"","","","","","","","","","",1,1,"","",""
736585,2,3,sil_cg,1,silence,2,"",engl310_13_synth_sil.wav,3,engl310_13_synth_sil,"","","","","","","","","","",1,4,"","",""
736585,3,4,sil_cg,1,silence,2,"",engl310_24_synth_sil.wav,4,engl310_24_synth_sil,"","","","","","","","","","",3,4,"","",""
736585,4,2,sil_cg,1,silence,2,"",engl310_07_synth_sil.wav,2,engl310_07_synth_sil,"","","","","","","","","","",4,2,"","",""
736585,1,1,sil_cg,1,questionnaire,3,28,"",1,"","",2,hs,"",no,3,ger,no,2,"","","","",adv,none
736585,1,1,sil_cg,1,congratulations,4,"","",1,"","","","","","","","","","","","","","","",""
736587,1,1,sil,1,instructions,1,"","",1,"","","","","","","","","","",607c8faf6d8e98b09d585eb3,"","","","",""
736587,1,3,sil,1,silence,2,"",engl310_13_synth_sil.wav,3,engl310_13_synth_sil,"","","","","","","","","","",1,3,"","",""
736587,2,4,sil,1,silence,2,"",engl310_24_synth_sil.wav,4,engl310_24_synth_sil,"","","","","","","","","","",2,4,"","",""
736587,3,2,sil,1,silence,2,"",engl310_07_synth_sil.wav,2,engl310_07_synth_sil,"","","","","","","","","","",4,2,"","",""
736587,4,1,sil,1,silence,2,"",engl310_01_synth_sil.wav,1,engl310_01_synth_sil,"","","","","","","","","","",1,1,"","",""
736587,1,1,sil,1,questionnaire,3,28,"",1,"","",2,uni,"",no,2,ger,no,3,"","","","",adv,c1
736587,1,1,sil,1,congratulations,4,"","",1,"","","","","","","","","","","","","","","",""
736580,1,1,base_cg,1,instructions_computergen,1,"","",1,"","","","","","","","","","",63d2c20ec51e93a7c7a44ffe,"","","","",""
736580,1,4,base_cg,1,base,2,"",engl310_24_synth_base.wav,4,"","","","",engl310_24_synth_base,"","","","","","",3,4,"","",""
736580,2,2,base_cg,1,base,2,"",engl310_07_synth_base.wav,2,"","","","",engl310_07_synth_base,"","","","","","",4,2,"","",""
736580,3,1,base_cg,1,base,2,"",engl310_01_synth_base.wav,1,"","","","",engl310_01_synth_base,"","","","","","",1,1,"","",""
736580,4,3,base_cg,1,base,2,"",engl310_13_synth_base.wav,3,"","","","",engl310_13_synth_base,"","","","","","",1,4,"","",""
736580,1,1,base_cg,1,questionnaire,3,30,"",1,"","",1,hs,"",no,2,ger,no,3,"","","","",adv,none
736580,1,1,base_cg,1,congratulations,4,"","",1,"","","","","","","","","","","","","","","",""
736595,1,1,nopints,1,instructions,1,"","",1,"","","","","","","","","","",5a7fab56f49c9a0001f3549e,"","","","",""
736595,1,1,nopints,1,nopints,2,"",engl310_01_synth_noPINTs.wav,1,"",engl310_01_synth_nopints,"","","","","","","","","",1,1,"","",""
736595,2,3,nopints,1,nopints,2,"",engl310_13_synth_noPINTs.wav,3,"",engl310_13_synth_nopints,"","","","","","","","","",2,3,"","",""
736595,3,2,nopints,1,nopints,2,"",engl310_07_synth_noPINTs.wav,2,"",engl310_07_synth_nopints,"","","","","","","","","",2,2,"","",""
736595,4,4,nopints,1,nopints,2,"",engl310_24_synth_noPINTs.wav,4,"",engl310_24_synth_nopints,"","","","","","","","","",1,3,"","",""
736595,1,1,nopints,1,questionnaire,3,30,"",1,"","",3,uni,"",no,4,ger,no,5,"","","","",adv,c2
736595,1,1,nopints,1,congratulations,4,"","",1,"","","","","","","","","","","","","","","",""
736768,1,1,nopints_cg,1,instructions_computergen,1,"","",1,"","","","","","","","","","",63174a95078b149cd17f7873,"","","","",""
736768,1,2,nopints_cg,1,nopints,2,"",engl310_07_synth_noPINTs.wav,2,"",engl310_07_synth_nopints,"","","","","","","","","",4,2,"","",""
736768,2,1,nopints_cg,1,nopints,2,"",engl310_01_synth_noPINTs.wav,1,"",engl310_01_synth_nopints,"","","","","","","","","",1,1,"","",""
736768,3,4,nopints_cg,1,nopints,2,"",engl310_24_synth_noPINTs.wav,4,"",engl310_24_synth_nopints,"","","","","","","","","",3,4,"","",""
736768,4,3,nopints_cg,1,nopints,2,"",engl310_13_synth_noPINTs.wav,3,"",engl310_13_synth_nopints,"","","","","","","","","",1,4,"","",""
736768,1,1,nopints_cg,1,questionnaire,3,24,"",1,"","",2,uni,"",no,4,ger,no,3,"","","","",adv,c1
736768,1,1,nopints_cg,1,congratulations,4,"","",1,"","","","","","","","","","","","","","","",""
736769,1,1,base_cg,1,instructions_computergen,1,"","",1,"","","","","","","","","","",5a79e91117ef350001702057,"","","","",""
736769,1,4,base_cg,1,base,2,"",engl310_24_synth_base.wav,4,"","","","",engl310_24_synth_base,"","","","","","",3,4,"","",""
736769,2,1,base_cg,1,base,2,"",engl310_01_synth_base.wav,1,"","","","",engl310_01_synth_base,"","","","","","",2,1,"","",""
736769,3,3,base_cg,1,base,2,"",engl310_13_synth_base.wav,3,"","","","",engl310_13_synth_base,"","","","","","",1,4,"","",""
736769,4,2,base_cg,1,base,2,"",engl310_07_synth_base.wav,2,"","","","",engl310_07_synth_base,"","","","","","",4,1,"","",""
736769,1,1,base_cg,1,questionnaire,3,30,"",1,"","",2,hs,"",no,3,ger,no,2,"","","","",adv,none
736769,1,1,base_cg,1,congratulations,4,"","",1,"","","","","","","","","","","","","","","",""
736770,1,1,nopints_cg,1,instructions_computergen,1,"","",1,"","","","","","","","","","",5f7ebad5cf009c196fd54b2b,"","","","",""
736770,1,1,nopints_cg,1,nopints,2,"",engl310_01_synth_noPINTs.wav,1,"",engl310_01_synth_nopints,"","","","","","","","","",1,1,"","",""
736770,2,2,nopints_cg,1,nopints,2,"",engl310_07_synth_noPINTs.wav,2,"",engl310_07_synth_nopints,"","","","","","","","","",2,2,"","",""
736770,3,3,nopints_cg,1,nopints,2,"",engl310_13_synth_noPINTs.wav,3,"",engl310_13_synth_nopints,"","","","","","","","","",4,4,"","",""
736770,4,4,nopints_cg,1,nopints,2,"",engl310_24_synth_noPINTs.wav,4,"",engl310_24_synth_nopints,"","","","","","","","","",3,4,"","",""
736770,1,1,nopints_cg,1,congratulations,4,"","",1,"","","","","","","","","","","","","","","",""
736770,1,1,nopints_cg,1,questionnaire,3,42,"",1,"","",2,other,"",no,1,ger,no,5,"","","","",adv,none
736771,1,1,base,1,instructions,1,"","",1,"","","","","","","","","","",6106a0ff227153e589e7dfc3,"","","","",""
736771,1,2,base,1,base,2,"",engl310_07_synth_base.wav,2,"","","","",engl310_07_synth_base,"","","","","","",2,1,"","",""
736771,2,3,base,1,base,2,"",engl310_13_synth_base.wav,3,"","","","",engl310_13_synth_base,"","","","","","",1,4,"","",""
736771,3,4,base,1,base,2,"",engl310_24_synth_base.wav,4,"","","","",engl310_24_synth_base,"","","","","","",1,4,"","",""
736771,4,1,base,1,base,2,"",engl310_01_synth_base.wav,1,"","","","",engl310_01_synth_base,"","","","","","",2,1,"","",""
736771,1,1,base,1,congratulations,4,"","",1,"","","","","","","","","","","","","","","",""
736771,1,1,base,1,questionnaire,3,23,"",1,"","",1,other,"",no,1,eng,no,2,"","","","",adv,c2
736772,1,1,nopints,1,instructions,1,"","",1,"","","","","","","","","","",5ebe6e4a226f3b1c53cd0626,"","","","",""
736772,1,2,nopints,1,nopints,2,"",engl310_07_synth_noPINTs.wav,2,"",engl310_07_synth_nopints,"","","","","","","","","",4,4,"","",""
736772,2,3,nopints,1,nopints,2,"",engl310_13_synth_noPINTs.wav,3,"",engl310_13_synth_nopints,"","","","","","","","","",2,4,"","",""
736772,3,4,nopints,1,nopints,2,"",engl310_24_synth_noPINTs.wav,4,"",engl310_24_synth_nopints,"","","","","","","","","",1,3,"","",""
736772,4,1,nopints,1,nopints,2,"",engl310_01_synth_noPINTs.wav,1,"",engl310_01_synth_nopints,"","","","","","","","","",1,1,"","",""
736772,1,1,nopints,1,congratulations,4,"","",1,"","","","","","","","","","","","","","","",""
736772,1,1,nopints,1,questionnaire,3,42,"",1,"","",3,uni,"",no,4,ger,no,5,"","","","",adv,a2
736773,1,1,base_cg,1,instructions_computergen,1,"","",1,"","","","","","","","","","",5be454621effe60001cbf290,"","","","",""
736773,1,2,base_cg,1,base,2,"",engl310_07_synth_base.wav,2,"","","","",engl310_07_synth_base,"","","","","","",1,4,"","",""
736773,2,4,base_cg,1,base,2,"",engl310_24_synth_base.wav,4,"","","","",engl310_24_synth_base,"","","","","","",4,4,"","",""
736773,3,3,base_cg,1,base,2,"",engl310_13_synth_base.wav,3,"","","","",engl310_13_synth_base,"","","","","","",1,4,"","",""
736773,4,1,base_cg,1,base,2,"",engl310_01_synth_base.wav,1,"","","","",engl310_01_synth_base,"","","","","","",1,1,"","",""
736773,1,1,base_cg,1,questionnaire,3,26,"",1,"","",1,hs,"",no,1,ger,no,2,"","","","",adv,c1
736773,1,1,base_cg,1,congratulations,4,"","",1,"","","","","","","","","","","","","","","",""
736774,1,1,sil,1,instructions,1,"","",1,"","","","","","","","","","",5e5fbff6de7bcc2fc7f396db,"","","","",""
736774,1,1,sil,1,silence,2,"",engl310_01_synth_sil.wav,1,engl310_01_synth_sil,"","","","","","","","","","",1,2,"","",""
736774,2,3,sil,1,silence,2,"",engl310_13_synth_sil.wav,3,engl310_13_synth_sil,"","","","","","","","","","",2,4,"","",""
736774,3,4,sil,1,silence,2,"",engl310_24_synth_sil.wav,4,engl310_24_synth_sil,"","","","","","","","","","",4,4,"","",""
736774,4,2,sil,1,silence,2,"",engl310_07_synth_sil.wav,2,engl310_07_synth_sil,"","","","","","","","","","",2,4,"","",""
736774,1,1,sil,1,questionnaire,3,29,"",1,"","",2,uni,"",no,3,ger,no,3,"","","","",adv,c2
736774,1,1,sil,1,congratulations,4,"","",1,"","","","","","","","","","","","","","","",""
736775,1,1,sil_cg,1,instructions_computergen,1,"","",1,"","","","","","","","","","",63c658437791ac7be49f06e9,"","","","",""
736775,1,4,sil_cg,1,silence,2,"",engl310_24_synth_sil.wav,4,engl310_24_synth_sil,"","","","","","","","","","",1,4,"","",""
736775,2,1,sil_cg,1,silence,2,"",engl310_01_synth_sil.wav,1,engl310_01_synth_sil,"","","","","","","","","","",1,3,"","",""
736775,3,3,sil_cg,1,silence,2,"",engl310_13_synth_sil.wav,3,engl310_13_synth_sil,"","","","","","","","","","",1,4,"","",""
736775,4,2,sil_cg,1,silence,2,"",engl310_07_synth_sil.wav,2,engl310_07_synth_sil,"","","","","","","","","","",4,2,"","",""
736775,1,1,sil_cg,1,questionnaire,3,26,"",1,"","",1,hs,"",no,5,ger,no,4,"","","","",int,b1
736775,1,1,sil_cg,1,congratulations,4,"","",1,"","","","","","","","","","","","","","","",""
736776,1,1,nopints,1,instructions,1,"","",1,"","","","","","","","","","",5bbbdca68f3bd70001e713ef,"","","","",""
736776,1,2,nopints,1,nopints,2,"",engl310_07_synth_noPINTs.wav,2,"",engl310_07_synth_nopints,"","","","","","","","","",4,2,"","",""
736776,2,1,nopints,1,nopints,2,"",engl310_01_synth_noPINTs.wav,1,"",engl310_01_synth_nopints,"","","","","","","","","",1,1,"","",""
736776,3,3,nopints,1,nopints,2,"",engl310_13_synth_noPINTs.wav,3,"",engl310_13_synth_nopints,"","","","","","","","","",2,4,"","",""
736776,4,4,nopints,1,nopints,2,"",engl310_24_synth_noPINTs.wav,4,"",engl310_24_synth_nopints,"","","","","","","","","",3,4,"","",""
736776,1,1,nopints,1,questionnaire,3,35,"",1,"","",2,hs,"",no,3,ger,no,2,"","","","",int,b2
736776,1,1,nopints,1,congratulations,4,"","",1,"","","","","","","","","","","","","","","",""
736777,1,1,nopints_cg,1,instructions_computergen,1,"","",1,"","","","","","","","","","",5a1542e20fff620001a6d2dc,"","","","",""
736777,1,2,nopints_cg,1,nopints,2,"",engl310_07_synth_noPINTs.wav,2,"",engl310_07_synth_nopints,"","","","","","","","","",4,2,"","",""
736777,2,1,nopints_cg,1,nopints,2,"",engl310_01_synth_noPINTs.wav,1,"",engl310_01_synth_nopints,"","","","","","","","","",1,3,"","",""
736777,3,4,nopints_cg,1,nopints,2,"",engl310_24_synth_noPINTs.wav,4,"",engl310_24_synth_nopints,"","","","","","","","","",1,3,"","",""
736777,4,3,nopints_cg,1,nopints,2,"",engl310_13_synth_noPINTs.wav,3,"",engl310_13_synth_nopints,"","","","","","","","","",2,4,"","",""
736777,1,1,nopints_cg,1,questionnaire,3,44,"",1,"","",1,uni,"",no,1,ger,no,2,"","","","",adv,c2
736777,1,1,nopints_cg,1,congratulations,4,"","",1,"","","","","","","","","","","","","","","",""
736779,1,1,sil,1,instructions,1,"","",1,"","","","","","","","","","",632ed004b2225148cfa1c2ee,"","","","",""
736779,1,1,sil,1,silence,2,"",engl310_01_synth_sil.wav,1,engl310_01_synth_sil,"","","","","","","","","","",1,3,"","",""
736779,2,2,sil,1,silence,2,"",engl310_07_synth_sil.wav,2,engl310_07_synth_sil,"","","","","","","","","","",4,2,"","",""
736779,3,4,sil,1,silence,2,"",engl310_24_synth_sil.wav,4,engl310_24_synth_sil,"","","","","","","","","","",3,4,"","",""
736779,4,3,sil,1,silence,2,"",engl310_13_synth_sil.wav,3,engl310_13_synth_sil,"","","","","","","","","","",2,4,"","",""
736779,1,1,sil,1,questionnaire,3,36,"",1,"","",2,uni,"",no,4,ger,no,1,"","","","",adv,c2
736779,1,1,sil,1,congratulations,4,"","",1,"","","","","","","","","","","","","","","",""
736782,1,1,sil_cg,1,instructions_computergen,1,"","",1,"","","","","","","","","","",5da727bfc2a70a0011a128e0,"","","","",""
736782,1,2,sil_cg,1,silence,2,"",engl310_07_synth_sil.wav,2,engl310_07_synth_sil,"","","","","","","","","","",2,2,"","",""
736782,2,1,sil_cg,1,silence,2,"",engl310_01_synth_sil.wav,1,engl310_01_synth_sil,"","","","","","","","","","",1,1,"","",""
736782,3,4,sil_cg,1,silence,2,"",engl310_24_synth_sil.wav,4,engl310_24_synth_sil,"","","","","","","","","","",2,4,"","",""
736782,4,3,sil_cg,1,silence,2,"",engl310_13_synth_sil.wav,3,engl310_13_synth_sil,"","","","","","","","","","",2,4,"","",""
736782,1,1,sil_cg,1,questionnaire,3,60,"",1,"","",2,hs,"",no,2,ger,no,2,"","","","",int,b1
736782,1,1,sil_cg,1,congratulations,4,"","",1,"","","","","","","","","","","","","","","",""
736784,1,3,base_cg,1,base,2,"",engl310_13_synth_base.wav,3,"","","","",engl310_13_synth_base,"","","","","","",1,4,"","",""
736784,2,4,base_cg,1,base,2,"",engl310_24_synth_base.wav,4,"","","","",engl310_24_synth_base,"","","","","","",3,1,"","",""
736784,3,2,base_cg,1,base,2,"",engl310_07_synth_base.wav,2,"","","","",engl310_07_synth_base,"","","","","","",4,4,"","",""
736784,4,1,base_cg,1,base,2,"",engl310_01_synth_base.wav,1,"","","","",engl310_01_synth_base,"","","","","","",2,3,"","",""
736784,1,1,base_cg,1,instructions_computergen,1,"","",1,"","","","","","","","","","",63fe066eaf8abeb8e2b59041,"","","","",""
736784,1,1,base_cg,1,questionnaire,3,27,"",1,"","",2,hs,"",no,2,ger,no,1,"","","","",int,b2
736784,1,1,base_cg,1,congratulations,4,"","",1,"","","","","","","","","","","","","","","",""
736785,1,1,nopints_cg,1,instructions_computergen,1,"","",1,"","","","","","","","","","",5b648251bd56550001bf31fd,"","","","",""
736785,1,4,nopints_cg,1,nopints,2,"",engl310_24_synth_noPINTs.wav,4,"",engl310_24_synth_nopints,"","","","","","","","","",2,4,"","",""
736785,2,2,nopints_cg,1,nopints,2,"",engl310_07_synth_noPINTs.wav,2,"",engl310_07_synth_nopints,"","","","","","","","","",4,2,"","",""
736785,3,1,nopints_cg,1,nopints,2,"",engl310_01_synth_noPINTs.wav,1,"",engl310_01_synth_nopints,"","","","","","","","","",1,1,"","",""
736785,4,3,nopints_cg,1,nopints,2,"",engl310_13_synth_noPINTs.wav,3,"",engl310_13_synth_nopints,"","","","","","","","","",1,4,"","",""
736785,1,1,nopints_cg,1,questionnaire,3,51,"",1,"","",2,other,"",no,4,ger,no,4,"","","","",int,none
736785,1,1,nopints_cg,1,congratulations,4,"","",1,"","","","","","","","","","","","","","","",""
736778,1,1,sil_cg,1,instructions_computergen,1,"","",1,"","","","","","","","","","",5cf6a27fad94a70001a80ea6,"","","","",""
736778,1,4,sil_cg,1,silence,2,"",engl310_24_synth_sil.wav,4,engl310_24_synth_sil,"","","","","","","","","","",3,4,"","",""
736778,2,2,sil_cg,1,silence,2,"",engl310_07_synth_sil.wav,2,engl310_07_synth_sil,"","","","","","","","","","",2,2,"","",""
736778,3,1,sil_cg,1,silence,2,"",engl310_01_synth_sil.wav,1,engl310_01_synth_sil,"","","","","","","","","","",1,3,"","",""
736778,4,3,sil_cg,1,silence,2,"",engl310_13_synth_sil.wav,3,engl310_13_synth_sil,"","","","","","","","","","",2,4,"","",""
736778,1,1,sil_cg,1,questionnaire,3,35,"",1,"","",1,uni,"",no,1,ger,no,4,"","","","",adv,none
736778,1,1,sil_cg,1,congratulations,4,"","",1,"","","","","","","","","","","","","","","",""
736780,1,1,base_cg,1,instructions_computergen,1,"","",1,"","","","","","","","","","",60d5786d3ea6636710a77519,"","","","",""
736780,1,1,base_cg,1,base,2,"",engl310_01_synth_base.wav,1,"","","","",engl310_01_synth_base,"","","","","","",1,1,"","",""
736780,2,3,base_cg,1,base,2,"",engl310_13_synth_base.wav,3,"","","","",engl310_13_synth_base,"","","","","","",2,4,"","",""
736780,3,4,base_cg,1,base,2,"",engl310_24_synth_base.wav,4,"","","","",engl310_24_synth_base,"","","","","","",3,4,"","",""
736780,4,2,base_cg,1,base,2,"",engl310_07_synth_base.wav,2,"","","","",engl310_07_synth_base,"","","","","","",4,2,"","",""
736780,1,1,base_cg,1,questionnaire,3,46,"",1,"","",2,uni,"",no,3,ger,no,4,"","","","",int,b1
736780,1,1,base_cg,1,congratulations,4,"","",1,"","","","","","","","","","","","","","","",""
736781,1,1,base,1,instructions,1,"","",1,"","","","","","","","","","",633de6812aaf5f65eae2ed3c,"","","","",""
736781,1,4,base,1,base,2,"",engl310_24_synth_base.wav,4,"","","","",engl310_24_synth_base,"","","","","","",3,3,"","",""
736781,2,2,base,1,base,2,"",engl310_07_synth_base.wav,2,"","","","",engl310_07_synth_base,"","","","","","",4,4,"","",""
736781,3,1,base,1,base,2,"",engl310_01_synth_base.wav,1,"","","","",engl310_01_synth_base,"","","","","","",1,3,"","",""
736781,4,3,base,1,base,2,"",engl310_13_synth_base.wav,3,"","","","",engl310_13_synth_base,"","","","","","",2,4,"","",""
736781,1,1,base,1,questionnaire,3,28,"",1,"","",1,uni,"",no,3,ger,no,2,"","","","",int,b2
736781,1,1,base,1,congratulations,4,"","",1,"","","","","","","","","","","","","","","",""
736787,1,1,sil,1,instructions,1,"","",1,"","","","","","","","","","",611ba1976cd48fdde1f9edd3,"","","","",""
736787,1,4,sil,1,silence,2,"",engl310_24_synth_sil.wav,4,engl310_24_synth_sil,"","","","","","","","","","",1,4,"","",""
736787,2,1,sil,1,silence,2,"",engl310_01_synth_sil.wav,1,engl310_01_synth_sil,"","","","","","","","","","",4,1,"","",""
736787,3,2,sil,1,silence,2,"",engl310_07_synth_sil.wav,2,engl310_07_synth_sil,"","","","","","","","","","",4,4,"","",""
736787,4,3,sil,1,silence,2,"",engl310_13_synth_sil.wav,3,engl310_13_synth_sil,"","","","","","","","","","",1,4,"","",""
736787,1,1,sil,1,questionnaire,3,22,"",1,"","",2,uni,"",no,3,ger,no,4,"","","","",adv,c2
736787,1,1,sil,1,congratulations,4,"","",1,"","","","","","","","","","","","","","","",""
736788,1,1,base,1,instructions,1,"","",1,"","","","","","","","","","",63bd9467ea3c9a7021048289,"","","","",""
736788,1,4,base,1,base,2,"",engl310_24_synth_base.wav,4,"","","","",engl310_24_synth_base,"","","","","","",2,4,"","",""
736788,2,1,base,1,base,2,"",engl310_01_synth_base.wav,1,"","","","",engl310_01_synth_base,"","","","","","",2,1,"","",""
736788,3,2,base,1,base,2,"",engl310_07_synth_base.wav,2,"","","","",engl310_07_synth_base,"","","","","","",2,2,"","",""
736788,4,3,base,1,base,2,"",engl310_13_synth_base.wav,3,"","","","",engl310_13_synth_base,"","","","","","",1,4,"","",""
736788,1,1,base,1,congratulations,4,"","",1,"","","","","","","","","","","","","","","",""
736788,1,1,base,1,questionnaire,3,25,"",1,"","",2,uni,"",no,2,ger,no,2,"","","","",adv,c1
736790,1,1,sil_cg,1,instructions_computergen,1,"","",1,"","","","","","","","","","",63fe22806d22fad00a2a2500,"","","","",""
736790,1,4,sil_cg,1,silence,2,"",engl310_24_synth_sil.wav,4,engl310_24_synth_sil,"","","","","","","","","","",3,4,"","",""
736790,2,3,sil_cg,1,silence,2,"",engl310_13_synth_sil.wav,3,engl310_13_synth_sil,"","","","","","","","","","",2,4,"","",""
736790,3,1,sil_cg,1,silence,2,"",engl310_01_synth_sil.wav,1,engl310_01_synth_sil,"","","","","","","","","","",1,1,"","",""
736790,4,2,sil_cg,1,silence,2,"",engl310_07_synth_sil.wav,2,engl310_07_synth_sil,"","","","","","","","","","",4,2,"","",""
736790,1,1,sil_cg,1,questionnaire,3,24,"",1,"","",2,hs,"",no,4,ger,no,4,"","","","",adv,none
736790,1,1,sil_cg,1,congratulations,4,"","",1,"","","","","","","","","","","","","","","",""
736791,1,1,base_cg,1,instructions_computergen,1,"","",1,"","","","","","","","","","",63b6c7ef20c45fd1cff1ddca,"","","","",""
736791,1,2,base_cg,1,base,2,"",engl310_07_synth_base.wav,2,"","","","",engl310_07_synth_base,"","","","","","",2,2,"","",""
736791,2,3,base_cg,1,base,2,"",engl310_13_synth_base.wav,3,"","","","",engl310_13_synth_base,"","","","","","",2,4,"","",""
736791,3,1,base_cg,1,base,2,"",engl310_01_synth_base.wav,1,"","","","",engl310_01_synth_base,"","","","","","",1,1,"","",""
736791,4,4,base_cg,1,base,2,"",engl310_24_synth_base.wav,4,"","","","",engl310_24_synth_base,"","","","","","",3,3,"","",""
736791,1,1,base_cg,1,questionnaire,3,45,"",1,"","",1,hs,"",yes,3,ger,no,2,"","","","",int,none
736791,1,1,base_cg,1,congratulations,4,"","",1,"","","","","","","","","","","","","","","",""
736792,1,1,sil,1,questionnaire,3,25,"",1,"","",2,hs,"",no,4,ger,no,3,"","","","",adv,c1
736792,1,1,sil,1,congratulations,4,"","",1,"","","","","","","","","","","","","","","",""
736792,1,1,sil,1,instructions,1,"","",1,"","","","","","","","","","",63ff4bca9f6d50bb62ae683d,"","","","",""
736792,1,3,sil,1,silence,2,"",engl310_13_synth_sil.wav,3,engl310_13_synth_sil,"","","","","","","","","","",1,4,"","",""
736792,2,4,sil,1,silence,2,"",engl310_24_synth_sil.wav,4,engl310_24_synth_sil,"","","","","","","","","","",3,1,"","",""
736792,3,1,sil,1,silence,2,"",engl310_01_synth_sil.wav,1,engl310_01_synth_sil,"","","","","","","","","","",3,1,"","",""
736792,4,2,sil,1,silence,2,"",engl310_07_synth_sil.wav,2,engl310_07_synth_sil,"","","","","","","","","","",2,1,"","",""
736793,1,1,base,1,instructions,1,"","",1,"","","","","","","","","","",63468f72be958e0ee54acef9,"","","","",""
736793,1,4,base,1,base,2,"",engl310_24_synth_base.wav,4,"","","","",engl310_24_synth_base,"","","","","","",3,3,"","",""
736793,2,2,base,1,base,2,"",engl310_07_synth_base.wav,2,"","","","",engl310_07_synth_base,"","","","","","",4,2,"","",""
736793,3,3,base,1,base,2,"",engl310_13_synth_base.wav,3,"","","","",engl310_13_synth_base,"","","","","","",2,4,"","",""
736793,4,1,base,1,base,2,"",engl310_01_synth_base.wav,1,"","","","",engl310_01_synth_base,"","","","","","",1,1,"","",""
736793,1,1,base,1,questionnaire,3,21,"",1,"","",1,hs,"",no,3,ger,no,1,"","","","",adv,c2
736793,1,1,base,1,congratulations,4,"","",1,"","","","","","","","","","","","","","","",""
736794,1,1,nopints_cg,1,instructions_computergen,1,"","",1,"","","","","","","","","","",63fb64d65c767a406d26afa6,"","","","",""
736794,1,4,nopints_cg,1,nopints,2,"",engl310_24_synth_noPINTs.wav,4,"",engl310_24_synth_nopints,"","","","","","","","","",2,1,"","",""
736794,2,1,nopints_cg,1,nopints,2,"",engl310_01_synth_noPINTs.wav,1,"",engl310_01_synth_nopints,"","","","","","","","","",1,1,"","",""
736794,3,2,nopints_cg,1,nopints,2,"",engl310_07_synth_noPINTs.wav,2,"",engl310_07_synth_nopints,"","","","","","","","","",2,2,"","",""
736794,4,3,nopints_cg,1,nopints,2,"",engl310_13_synth_noPINTs.wav,3,"",engl310_13_synth_nopints,"","","","","","","","","",1,4,"","",""
736794,1,1,nopints_cg,1,questionnaire,3,22,"",1,"","",2,hs,"",no,3,ger,no,3,"","","","",adv,c1
736794,1,1,nopints_cg,1,congratulations,4,"","",1,"","","","","","","","","","","","","","","",""
736795,1,1,base_cg,1,instructions_computergen,1,"","",1,"","","","","","","","","","",5d43c606773d8b00016eaa8a,"","","","",""
736795,1,1,base_cg,1,base,2,"",engl310_01_synth_base.wav,1,"","","","",engl310_01_synth_base,"","","","","","",1,1,"","",""
736795,2,3,base_cg,1,base,2,"",engl310_13_synth_base.wav,3,"","","","",engl310_13_synth_base,"","","","","","",1,4,"","",""
736795,3,2,base_cg,1,base,2,"",engl310_07_synth_base.wav,2,"","","","",engl310_07_synth_base,"","","","","","",4,2,"","",""
736795,4,4,base_cg,1,base,2,"",engl310_24_synth_base.wav,4,"","","","",engl310_24_synth_base,"","","","","","",3,4,"","",""
736795,1,1,base_cg,1,questionnaire,3,50,"",1,"","",3,uni,"",no,3,ger,no,3,"","","","",adv,c1
736795,1,1,base_cg,1,congratulations,4,"","",1,"","","","","","","","","","","","","","","",""
736796,1,1,sil_cg,1,instructions_computergen,1,"","",1,"","","","","","","","","","",5b21646bdf28a7000166f4dc,"","","","",""
736796,1,2,sil_cg,1,silence,2,"",engl310_07_synth_sil.wav,2,engl310_07_synth_sil,"","","","","","","","","","",2,2,"","",""
736796,2,4,sil_cg,1,silence,2,"",engl310_24_synth_sil.wav,4,engl310_24_synth_sil,"","","","","","","","","","",3,4,"","",""
736796,3,3,sil_cg,1,silence,2,"",engl310_13_synth_sil.wav,3,engl310_13_synth_sil,"","","","","","","","","","",1,4,"","",""
736796,4,1,sil_cg,1,silence,2,"",engl310_01_synth_sil.wav,1,engl310_01_synth_sil,"","","","","","","","","","",4,3,"","",""
736796,1,1,sil_cg,1,questionnaire,3,31,"",1,"","",1,hs,"",no,4,ger,no,2,"","","","",adv,c2
736796,1,1,sil_cg,1,congratulations,4,"","",1,"","","","","","","","","","","","","","","",""
736797,1,1,sil,1,instructions,1,"","",1,"","","","","","","","","","",60207652caa62b6a34ff96dc,"","","","",""
736797,1,2,sil,1,silence,2,"",engl310_07_synth_sil.wav,2,engl310_07_synth_sil,"","","","","","","","","","",4,2,"","",""
736797,2,3,sil,1,silence,2,"",engl310_13_synth_sil.wav,3,engl310_13_synth_sil,"","","","","","","","","","",1,4,"","",""
736797,3,4,sil,1,silence,2,"",engl310_24_synth_sil.wav,4,engl310_24_synth_sil,"","","","","","","","","","",3,1,"","",""
736797,4,1,sil,1,silence,2,"",engl310_01_synth_sil.wav,1,engl310_01_synth_sil,"","","","","","","","","","",1,1,"","",""
736797,1,1,sil,1,questionnaire,3,23,"",1,"","",2,hs,"",no,3,ger,no,4,"","","","",int,b2
736797,1,1,sil,1,congratulations,4,"","",1,"","","","","","","","","","","","","","","",""
736798,1,1,base,1,instructions,1,"","",1,"","","","","","","","","","",5f2ea8b3704e4d078da3c725,"","","","",""
736798,1,3,base,1,base,2,"",engl310_13_synth_base.wav,3,"","","","",engl310_13_synth_base,"","","","","","",2,4,"","",""
736798,2,4,base,1,base,2,"",engl310_24_synth_base.wav,4,"","","","",engl310_24_synth_base,"","","","","","",4,3,"","",""
736798,3,2,base,1,base,2,"",engl310_07_synth_base.wav,2,"","","","",engl310_07_synth_base,"","","","","","",2,1,"","",""
736798,4,1,base,1,base,2,"",engl310_01_synth_base.wav,1,"","","","",engl310_01_synth_base,"","","","","","",3,2,"","",""
736798,1,1,base,1,questionnaire,3,24,"",1,"","",2,hs,"",no,3,ger,no,3,"","","","",beg,none
736798,1,1,base,1,congratulations,4,"","",1,"","","","","","","","","","","","","","","",""
736799,1,1,nopints_cg,1,instructions_computergen,1,"","",1,"","","","","","","","","","",63fd0b137e38c72ea19176aa,"","","","",""
736799,1,1,nopints_cg,1,nopints,2,"",engl310_01_synth_noPINTs.wav,1,"",engl310_01_synth_nopints,"","","","","","","","","",1,1,"","",""
736799,2,4,nopints_cg,1,nopints,2,"",engl310_24_synth_noPINTs.wav,4,"",engl310_24_synth_nopints,"","","","","","","","","",4,1,"","",""
736799,3,2,nopints_cg,1,nopints,2,"",engl310_07_synth_noPINTs.wav,2,"",engl310_07_synth_nopints,"","","","","","","","","",4,2,"","",""
736799,4,3,nopints_cg,1,nopints,2,"",engl310_13_synth_noPINTs.wav,3,"",engl310_13_synth_nopints,"","","","","","","","","",1,4,"","",""
736799,1,1,nopints_cg,1,questionnaire,3,22,"",1,"","",1,hs,"",no,2,ger,no,4,"","","","",adv,b2
736799,1,1,nopints_cg,1,congratulations,4,"","",1,"","","","","","","","","","","","","","","",""
736800,1,1,nopints,1,instructions,1,"","",1,"","","","","","","","","","",635302718321ec7411e33a48,"","","","",""
736800,1,2,nopints,1,nopints,2,"",engl310_07_synth_noPINTs.wav,2,"",engl310_07_synth_nopints,"","","","","","","","","",4,3,"","",""
736800,2,3,nopints,1,nopints,2,"",engl310_13_synth_noPINTs.wav,3,"",engl310_13_synth_nopints,"","","","","","","","","",1,4,"","",""
736800,3,4,nopints,1,nopints,2,"",engl310_24_synth_noPINTs.wav,4,"",engl310_24_synth_nopints,"","","","","","","","","",1,3,"","",""
736800,4,1,nopints,1,nopints,2,"",engl310_01_synth_noPINTs.wav,1,"",engl310_01_synth_nopints,"","","","","","","","","",1,1,"","",""
736800,1,1,nopints,1,questionnaire,3,19,"",1,"","",3,hs,"",no,3,ger,no,4,"","","","",int,b2
736800,1,1,nopints,1,congratulations,4,"","",1,"","","","","","","","","","","","","","","",""
736801,1,1,sil_cg,1,instructions_computergen,1,"","",1,"","","","","","","","","","",5b0d0f0ebd9c3100015655d9,"","","","",""
736801,1,3,sil_cg,1,silence,2,"",engl310_13_synth_sil.wav,3,engl310_13_synth_sil,"","","","","","","","","","",2,4,"","",""
736801,2,4,sil_cg,1,silence,2,"",engl310_24_synth_sil.wav,4,engl310_24_synth_sil,"","","","","","","","","","",2,4,"","",""
736801,3,1,sil_cg,1,silence,2,"",engl310_01_synth_sil.wav,1,engl310_01_synth_sil,"","","","","","","","","","",1,1,"","",""
736801,4,2,sil_cg,1,silence,2,"",engl310_07_synth_sil.wav,2,engl310_07_synth_sil,"","","","","","","","","","",2,2,"","",""
736801,1,1,sil_cg,1,questionnaire,3,53,"",1,"","",1,hs,"",no,1,ger,no,1,"","","","",int,none
736801,1,1,sil_cg,1,congratulations,4,"","",1,"","","","","","","","","","","","","","","",""
736802,1,1,base,1,instructions,1,"","",1,"","","","","","","","","","",63456ccb7a78c1c4821b23ca,"","","","",""
736802,1,3,base,1,base,2,"",engl310_13_synth_base.wav,3,"","","","",engl310_13_synth_base,"","","","","","",1,4,"","",""
736802,2,1,base,1,base,2,"",engl310_01_synth_base.wav,1,"","","","",engl310_01_synth_base,"","","","","","",1,1,"","",""
736802,3,4,base,1,base,2,"",engl310_24_synth_base.wav,4,"","","","",engl310_24_synth_base,"","","","","","",3,4,"","",""
736802,4,2,base,1,base,2,"",engl310_07_synth_base.wav,2,"","","","",engl310_07_synth_base,"","","","","","",4,2,"","",""
736802,1,1,base,1,questionnaire,3,33,"",1,"","",1,hs,"",no,1,ger,no,2,"","","","",int,none
736802,1,1,base,1,congratulations,4,"","",1,"","","","","","","","","","","","","","","",""
736803,1,1,base_cg,1,instructions_computergen,1,"","",1,"","","","","","","","","","",637e341047ce855792bab685,"","","","",""
736803,1,4,base_cg,1,base,2,"",engl310_24_synth_base.wav,4,"","","","",engl310_24_synth_base,"","","","","","",2,4,"","",""
736803,2,3,base_cg,1,base,2,"",engl310_13_synth_base.wav,3,"","","","",engl310_13_synth_base,"","","","","","",1,4,"","",""
736803,3,1,base_cg,1,base,2,"",engl310_01_synth_base.wav,1,"","","","",engl310_01_synth_base,"","","","","","",1,1,"","",""
736803,4,2,base_cg,1,base,2,"",engl310_07_synth_base.wav,2,"","","","",engl310_07_synth_base,"","","","","","",4,2,"","",""
736803,1,1,base_cg,1,questionnaire,3,28,"",1,"","",1,hs,"",no,3,ger,no,1,"","","","",int,c1
736803,1,1,base_cg,1,congratulations,4,"","",1,"","","","","","","","","","","","","","","",""
736804,1,1,sil,1,instructions,1,"","",1,"","","","","","","","","","",63c33a62f56571779a295a6f,"","","","",""
736804,1,3,sil,1,silence,2,"",engl310_13_synth_sil.wav,3,engl310_13_synth_sil,"","","","","","","","","","",1,4,"","",""
736804,2,2,sil,1,silence,2,"",engl310_07_synth_sil.wav,2,engl310_07_synth_sil,"","","","","","","","","","",1,2,"","",""
736804,3,1,sil,1,silence,2,"",engl310_01_synth_sil.wav,1,engl310_01_synth_sil,"","","","","","","","","","",2,1,"","",""
736804,4,4,sil,1,silence,2,"",engl310_24_synth_sil.wav,4,engl310_24_synth_sil,"","","","","","","","","","",1,3,"","",""
736804,1,1,sil,1,questionnaire,3,33,"",1,"","",3,uni,"",no,2,ger,no,4,"","","","",adv,c1
736804,1,1,sil,1,congratulations,4,"","",1,"","","","","","","","","","","","","","","",""
736805,1,1,nopints,1,instructions,1,"","",1,"","","","","","","","","","",607079a28a504f214dfd77b8,"","","","",""
736805,1,4,nopints,1,nopints,2,"",engl310_24_synth_noPINTs.wav,4,"",engl310_24_synth_nopints,"","","","","","","","","",2,4,"","",""
736805,2,2,nopints,1,nopints,2,"",engl310_07_synth_noPINTs.wav,2,"",engl310_07_synth_nopints,"","","","","","","","","",4,2,"","",""
736805,3,1,nopints,1,nopints,2,"",engl310_01_synth_noPINTs.wav,1,"",engl310_01_synth_nopints,"","","","","","","","","",1,1,"","",""
736805,4,3,nopints,1,nopints,2,"",engl310_13_synth_noPINTs.wav,3,"",engl310_13_synth_nopints,"","","","","","","","","",1,4,"","",""
736805,1,1,nopints,1,questionnaire,3,58,"",1,"","",1,hs,"",no,2,ger,no,3,"","","","",adv,c1
736805,1,1,nopints,1,congratulations,4,"","",1,"","","","","","","","","","","","","","","",""
736806,1,1,nopints_cg,1,questionnaire,3,30,"",1,"","",2,uni,"",no,1,ger,no,1,"","","","",adv,none
736806,1,1,nopints_cg,1,congratulations,4,"","",1,"","","","","","","","","","","","","","","",""
736806,1,1,nopints_cg,1,instructions_computergen,1,"","",1,"","","","","","","","","","",63dfd4fb58435f30c7e5b04b,"","","","",""
736806,1,3,nopints_cg,1,nopints,2,"",engl310_13_synth_noPINTs.wav,3,"",engl310_13_synth_nopints,"","","","","","","","","",2,4,"","",""
736806,2,2,nopints_cg,1,nopints,2,"",engl310_07_synth_noPINTs.wav,2,"",engl310_07_synth_nopints,"","","","","","","","","",4,2,"","",""
736806,3,1,nopints_cg,1,nopints,2,"",engl310_01_synth_noPINTs.wav,1,"",engl310_01_synth_nopints,"","","","","","","","","",1,1,"","",""
736806,4,4,nopints_cg,1,nopints,2,"",engl310_24_synth_noPINTs.wav,4,"",engl310_24_synth_nopints,"","","","","","","","","",3,4,"","",""
736807,1,1,base_cg,1,instructions_computergen,1,"","",1,"","","","","","","","","","",63ed05cac3e293e27df5a216,"","","","",""
736807,1,4,base_cg,1,base,2,"",engl310_24_synth_base.wav,4,"","","","",engl310_24_synth_base,"","","","","","",4,2,"","",""
736807,2,1,base_cg,1,base,2,"",engl310_01_synth_base.wav,1,"","","","",engl310_01_synth_base,"","","","","","",1,1,"","",""
736807,3,3,base_cg,1,base,2,"",engl310_13_synth_base.wav,3,"","","","",engl310_13_synth_base,"","","","","","",3,4,"","",""
736807,4,2,base_cg,1,base,2,"",engl310_07_synth_base.wav,2,"","","","",engl310_07_synth_base,"","","","","","",2,2,"","",""
736807,1,1,base_cg,1,questionnaire,3,43,"",1,"","",1,hs,"",no,3,ger,no,1,"","","","",int,none
736807,1,1,base_cg,1,congratulations,4,"","",1,"","","","","","","","","","","","","","","",""
736808,1,1,nopints_cg,1,instructions_computergen,1,"","",1,"","","","","","","","","","",604e372ea77f55aa4d089681,"","","","",""
736808,1,4,nopints_cg,1,nopints,2,"",engl310_24_synth_noPINTs.wav,4,"",engl310_24_synth_nopints,"","","","","","","","","",2,4,"","",""
736808,2,3,nopints_cg,1,nopints,2,"",engl310_13_synth_noPINTs.wav,3,"",engl310_13_synth_nopints,"","","","","","","","","",1,4,"","",""
736808,3,2,nopints_cg,1,nopints,2,"",engl310_07_synth_noPINTs.wav,2,"",engl310_07_synth_nopints,"","","","","","","","","",4,2,"","",""
736808,4,1,nopints_cg,1,nopints,2,"",engl310_01_synth_noPINTs.wav,1,"",engl310_01_synth_nopints,"","","","","","","","","",1,1,"","",""
736808,1,1,nopints_cg,1,questionnaire,3,32,"",1,"","",1,hs,"",no,3,ger,no,4,"","","","",int,c1
736808,1,1,nopints_cg,1,congratulations,4,"","",1,"","","","","","","","","","","","","","","",""
736809,1,1,sil,1,instructions,1,"","",1,"","","","","","","","","","",5f32d5f107d49607c3f6cf7a,"","","","",""
736809,1,3,sil,1,silence,2,"",engl310_13_synth_sil.wav,3,engl310_13_synth_sil,"","","","","","","","","","",2,4,"","",""
736809,2,2,sil,1,silence,2,"",engl310_07_synth_sil.wav,2,engl310_07_synth_sil,"","","","","","","","","","",1,2,"","",""
736809,3,1,sil,1,silence,2,"",engl310_01_synth_sil.wav,1,engl310_01_synth_sil,"","","","","","","","","","",1,2,"","",""
736809,4,4,sil,1,silence,2,"",engl310_24_synth_sil.wav,4,engl310_24_synth_sil,"","","","","","","","","","",3,4,"","",""
736809,1,1,sil,1,questionnaire,3,39,"",1,"","",3,hs,"",no,4,ger,no,2,"","","","",adv,c2
736809,1,1,sil,1,congratulations,4,"","",1,"","","","","","","","","","","","","","","",""
736810,1,1,sil_cg,1,congratulations,4,"","",1,"","","","","","","","","","","","","","","",""
736810,1,1,sil_cg,1,instructions_computergen,1,"","",1,"","","","","","","","","","",5d0a33b56dd417001ae19535,"","","","",""
736810,1,3,sil_cg,1,silence,2,"",engl310_13_synth_sil.wav,3,engl310_13_synth_sil,"","","","","","","","","","",1,4,"","",""
736810,2,4,sil_cg,1,silence,2,"",engl310_24_synth_sil.wav,4,engl310_24_synth_sil,"","","","","","","","","","",2,4,"","",""
736810,3,1,sil_cg,1,silence,2,"",engl310_01_synth_sil.wav,1,engl310_01_synth_sil,"","","","","","","","","","",1,1,"","",""
736810,4,2,sil_cg,1,silence,2,"",engl310_07_synth_sil.wav,2,engl310_07_synth_sil,"","","","","","","","","","",4,2,"","",""
736810,1,1,sil_cg,1,questionnaire,3,26,"",1,"","",2,hs,"",no,3,ger,no,1,"","","","",adv,b2
736812,1,1,base,1,instructions,1,"","",1,"","","","","","","","","","",5ccc2bfc7b328800012f9b6e,"","","","",""
736812,1,4,base,1,base,2,"",engl310_24_synth_base.wav,4,"","","","",engl310_24_synth_base,"","","","","","",3,3,"","",""
736812,2,3,base,1,base,2,"",engl310_13_synth_base.wav,3,"","","","",engl310_13_synth_base,"","","","","","",1,4,"","",""
736812,3,2,base,1,base,2,"",engl310_07_synth_base.wav,2,"","","","",engl310_07_synth_base,"","","","","","",2,2,"","",""
736812,4,1,base,1,base,2,"",engl310_01_synth_base.wav,1,"","","","",engl310_01_synth_base,"","","","","","",1,1,"","",""
736812,1,1,base,1,questionnaire,3,35,"",1,"","",1,uni,"",no,1,ger,no,1,"","","","",adv,c2
736812,1,1,base,1,congratulations,4,"","",1,"","","","","","","","","","","","","","","",""
736813,1,2,nopints,1,nopints,2,"",engl310_07_synth_noPINTs.wav,2,"",engl310_07_synth_nopints,"","","","","","","","","",4,2,"","",""
736813,2,4,nopints,1,nopints,2,"",engl310_24_synth_noPINTs.wav,4,"",engl310_24_synth_nopints,"","","","","","","","","",3,4,"","",""
736813,3,1,nopints,1,nopints,2,"",engl310_01_synth_noPINTs.wav,1,"",engl310_01_synth_nopints,"","","","","","","","","",1,1,"","",""
736813,4,3,nopints,1,nopints,2,"",engl310_13_synth_noPINTs.wav,3,"",engl310_13_synth_nopints,"","","","","","","","","",1,4,"","",""
736813,1,1,nopints,1,instructions,1,"","",1,"","","","","","","","","","",62ed054b4bf00da20ea22dc2,"","","","",""
736813,1,1,nopints,1,questionnaire,3,23,"",1,"","",2,uni,"",no,4,ger,no,3,"","","","",int,b2
736813,1,1,nopints,1,congratulations,4,"","",1,"","","","","","","","","","","","","","","",""
736814,1,1,sil_cg,1,questionnaire,3,21,"",1,"","",3,hs,"",no,4,ger,no,3,"","","","",adv,c1
736814,1,1,sil_cg,1,congratulations,4,"","",1,"","","","","","","","","","","","","","","",""
736814,1,1,sil_cg,1,instructions_computergen,1,"","",1,"","","","","","","","","","",634d7edc1741828f06af7815,"","","","",""
736814,1,2,sil_cg,1,silence,2,"",engl310_07_synth_sil.wav,2,engl310_07_synth_sil,"","","","","","","","","","",3,2,"","",""
736814,2,3,sil_cg,1,silence,2,"",engl310_13_synth_sil.wav,3,engl310_13_synth_sil,"","","","","","","","","","",1,4,"","",""
736814,3,1,sil_cg,1,silence,2,"",engl310_01_synth_sil.wav,1,engl310_01_synth_sil,"","","","","","","","","","",1,3,"","",""
736814,4,4,sil_cg,1,silence,2,"",engl310_24_synth_sil.wav,4,engl310_24_synth_sil,"","","","","","","","","","",1,4,"","",""
736815,1,1,nopints_cg,1,instructions_computergen,1,"","",1,"","","","","","","","","","",5ea943b40a9b19000907de09,"","","","",""
736815,1,3,nopints_cg,1,nopints,2,"",engl310_13_synth_noPINTs.wav,3,"",engl310_13_synth_nopints,"","","","","","","","","",2,4,"","",""
736815,2,4,nopints_cg,1,nopints,2,"",engl310_24_synth_noPINTs.wav,4,"",engl310_24_synth_nopints,"","","","","","","","","",1,1,"","",""
736815,3,1,nopints_cg,1,nopints,2,"",engl310_01_synth_noPINTs.wav,1,"",engl310_01_synth_nopints,"","","","","","","","","",1,3,"","",""
736815,4,2,nopints_cg,1,nopints,2,"",engl310_07_synth_noPINTs.wav,2,"",engl310_07_synth_nopints,"","","","","","","","","",4,2,"","",""
736815,1,1,nopints_cg,1,questionnaire,3,33,"",1,"","",2,uni,"",no,2,ger,no,4,"","","","",adv,c1
736815,1,1,nopints_cg,1,congratulations,4,"","",1,"","","","","","","","","","","","","","","",""
736816,1,1,base,1,instructions,1,"","",1,"","","","","","","","","","",6082e666f316e1cd71c0bd95,"","","","",""
736816,1,3,base,1,base,2,"",engl310_13_synth_base.wav,3,"","","","",engl310_13_synth_base,"","","","","","",1,4,"","",""
736816,2,2,base,1,base,2,"",engl310_07_synth_base.wav,2,"","","","",engl310_07_synth_base,"","","","","","",4,2,"","",""
736816,3,1,base,1,base,2,"",engl310_01_synth_base.wav,1,"","","","",engl310_01_synth_base,"","","","","","",1,1,"","",""
736816,4,4,base,1,base,2,"",engl310_24_synth_base.wav,4,"","","","",engl310_24_synth_base,"","","","","","",2,4,"","",""
736816,1,1,base,1,congratulations,4,"","",1,"","","","","","","","","","","","","","","",""
736816,1,1,base,1,questionnaire,3,22,"",1,"","",2,uni,"",no,2,ger,no,1,"","","","",int,b2
736817,1,1,sil,1,questionnaire,3,27,"",1,"","",1,uni,"",no,2,ger,no,2,"","","","",adv,c2
736817,1,1,sil,1,congratulations,4,"","",1,"","","","","","","","","","","","","","","",""
736817,1,4,sil,1,silence,2,"",engl310_24_synth_sil.wav,4,engl310_24_synth_sil,"","","","","","","","","","",1,4,"","",""
736817,2,3,sil,1,silence,2,"",engl310_13_synth_sil.wav,3,engl310_13_synth_sil,"","","","","","","","","","",2,4,"","",""
736817,3,2,sil,1,silence,2,"",engl310_07_synth_sil.wav,2,engl310_07_synth_sil,"","","","","","","","","","",3,2,"","",""
736817,4,1,sil,1,silence,2,"",engl310_01_synth_sil.wav,1,engl310_01_synth_sil,"","","","","","","","","","",2,3,"","",""
736817,1,1,sil,1,instructions,1,"","",1,"","","","","","","","","","",60f7f2b2b9debd9b6f7eadfa,"","","","",""
736819,1,1,base_cg,1,congratulations,4,"","",1,"","","","","","","","","","","","","","","",""
736819,1,1,base_cg,1,instructions_computergen,1,"","",1,"","","","","","","","","","",63c0157fbc63b6511d336764,"","","","",""
736819,1,3,base_cg,1,base,2,"",engl310_13_synth_base.wav,3,"","","","",engl310_13_synth_base,"","","","","","",1,4,"","",""
736819,2,1,base_cg,1,base,2,"",engl310_01_synth_base.wav,1,"","","","",engl310_01_synth_base,"","","","","","",1,1,"","",""
736819,3,4,base_cg,1,base,2,"",engl310_24_synth_base.wav,4,"","","","",engl310_24_synth_base,"","","","","","",3,4,"","",""
736819,4,2,base_cg,1,base,2,"",engl310_07_synth_base.wav,2,"","","","",engl310_07_synth_base,"","","","","","",4,2,"","",""
736819,1,1,base_cg,1,questionnaire,3,44,"",1,"","",1,hs,"",no,4,ger,no,3,"","","","",int,b2
736820,1,1,sil,1,questionnaire,3,26,"",1,"","",1,hs,"",no,2,ger,no,3,"","","","",adv,a1
736820,1,1,sil,1,congratulations,4,"","",1,"","","","","","","","","","","","","","","",""
736820,1,1,sil,1,instructions,1,"","",1,"","","","","","","","","","",610905a730569ffea2fbdd0b,"","","","",""
736820,1,3,sil,1,silence,2,"",engl310_13_synth_sil.wav,3,engl310_13_synth_sil,"","","","","","","","","","",1,4,"","",""
736820,2,1,sil,1,silence,2,"",engl310_01_synth_sil.wav,1,engl310_01_synth_sil,"","","","","","","","","","",2,1,"","",""
736820,3,4,sil,1,silence,2,"",engl310_24_synth_sil.wav,4,engl310_24_synth_sil,"","","","","","","","","","",1,3,"","",""
736820,4,2,sil,1,silence,2,"",engl310_07_synth_sil.wav,2,engl310_07_synth_sil,"","","","","","","","","","",2,4,"","",""
736821,1,1,nopints_cg,1,instructions_computergen,1,"","",1,"","","","","","","","","","",5e3d71c28eb5270274d528b8,"","","","",""
736821,1,2,nopints_cg,1,nopints,2,"",engl310_07_synth_noPINTs.wav,2,"",engl310_07_synth_nopints,"","","","","","","","","",4,2,"","",""
736821,2,4,nopints_cg,1,nopints,2,"",engl310_24_synth_noPINTs.wav,4,"",engl310_24_synth_nopints,"","","","","","","","","",3,4,"","",""
736821,3,3,nopints_cg,1,nopints,2,"",engl310_13_synth_noPINTs.wav,3,"",engl310_13_synth_nopints,"","","","","","","","","",1,4,"","",""
736821,4,1,nopints_cg,1,nopints,2,"",engl310_01_synth_noPINTs.wav,1,"",engl310_01_synth_nopints,"","","","","","","","","",1,1,"","",""
736821,1,1,nopints_cg,1,questionnaire,3,70,"",1,"","",2,uni,"",no,5,ger,no,4,"","","","",adv,none
736821,1,1,nopints_cg,1,congratulations,4,"","",1,"","","","","","","","","","","","","","","",""
736822,1,1,base_cg,1,questionnaire,3,38,"",1,"","",2,uni,"",no,4,ger,no,2,"","","","",int,b2
736822,1,1,base_cg,1,congratulations,4,"","",1,"","","","","","","","","","","","","","","",""
736822,1,1,base_cg,1,instructions_computergen,1,"","",1,"","","","","","","","","","",63cfa22c2f0dbd0f7203695f,"","","","",""
736822,1,2,base_cg,1,base,2,"",engl310_07_synth_base.wav,2,"","","","",engl310_07_synth_base,"","","","","","",4,2,"","",""
736822,2,1,base_cg,1,base,2,"",engl310_01_synth_base.wav,1,"","","","",engl310_01_synth_base,"","","","","","",2,1,"","",""
736822,3,3,base_cg,1,base,2,"",engl310_13_synth_base.wav,3,"","","","",engl310_13_synth_base,"","","","","","",1,4,"","",""
736822,4,4,base_cg,1,base,2,"",engl310_24_synth_base.wav,4,"","","","",engl310_24_synth_base,"","","","","","",1,4,"","",""
736823,1,1,base,1,questionnaire,3,36,"",1,"","",1,uni,"",no,3,ger,no,2,"","","","",adv,c1
736823,1,1,base,1,congratulations,4,"","",1,"","","","","","","","","","","","","","","",""
736823,1,1,base,1,instructions,1,"","",1,"","","","","","","","","","",627bbf69ab2788507bc421a2,"","","","",""
736823,1,3,base,1,base,2,"",engl310_13_synth_base.wav,3,"","","","",engl310_13_synth_base,"","","","","","",2,4,"","",""
736823,2,1,base,1,base,2,"",engl310_01_synth_base.wav,1,"","","","",engl310_01_synth_base,"","","","","","",1,1,"","",""
736823,3,2,base,1,base,2,"",engl310_07_synth_base.wav,2,"","","","",engl310_07_synth_base,"","","","","","",4,2,"","",""
736823,4,4,base,1,base,2,"",engl310_24_synth_base.wav,4,"","","","",engl310_24_synth_base,"","","","","","",3,4,"","",""
736824,1,1,sil_cg,1,questionnaire,3,30,"",1,"","",3,uni,"",no,3,ger,no,2,"","","","",adv,none
736824,1,1,sil_cg,1,instructions_computergen,1,"","",1,"","","","","","","","","","",63f6216fd56701af4b7188f4,"","","","",""
736824,1,3,sil_cg,1,silence,2,"",engl310_13_synth_sil.wav,3,engl310_13_synth_sil,"","","","","","","","","","",2,4,"","",""
736824,2,4,sil_cg,1,silence,2,"",engl310_24_synth_sil.wav,4,engl310_24_synth_sil,"","","","","","","","","","",2,4,"","",""
736824,3,2,sil_cg,1,silence,2,"",engl310_07_synth_sil.wav,2,engl310_07_synth_sil,"","","","","","","","","","",4,4,"","",""
736824,4,1,sil_cg,1,silence,2,"",engl310_01_synth_sil.wav,1,engl310_01_synth_sil,"","","","","","","","","","",1,1,"","",""
736824,1,1,sil_cg,1,congratulations,4,"","",1,"","","","","","","","","","","","","","","",""
736826,1,1,nopints,1,instructions,1,"","",1,"","","","","","","","","","",6126bc9444ebc2ddd7436843,"","","","",""
736826,1,4,nopints,1,nopints,2,"",engl310_24_synth_noPINTs.wav,4,"",engl310_24_synth_nopints,"","","","","","","","","",1,3,"","",""
736826,2,3,nopints,1,nopints,2,"",engl310_13_synth_noPINTs.wav,3,"",engl310_13_synth_nopints,"","","","","","","","","",2,4,"","",""
736826,3,1,nopints,1,nopints,2,"",engl310_01_synth_noPINTs.wav,1,"",engl310_01_synth_nopints,"","","","","","","","","",3,1,"","",""
736826,4,2,nopints,1,nopints,2,"",engl310_07_synth_noPINTs.wav,2,"",engl310_07_synth_nopints,"","","","","","","","","",2,4,"","",""
736826,1,1,nopints,1,questionnaire,3,23,"",1,"","",2,hs,"",no,2,ger,no,2,"","","","",adv,none
736826,1,1,nopints,1,congratulations,4,"","",1,"","","","","","","","","","","","","","","",""
736789,1,1,nopints,1,instructions,1,"","",1,"","","","","","","","","","",64d00d919945d23676a68b781,"","","","",""
736789,1,2,nopints,1,nopints,2,"",engl310_07_synth_noPINTs.wav,2,"",engl310_07_synth_nopints,"","","","","","","","","",3,3,"","",""
736789,2,3,nopints,1,nopints,2,"",engl310_13_synth_noPINTs.wav,3,"",engl310_13_synth_nopints,"","","","","","","","","",1,3,"","",""
736789,3,4,nopints,1,nopints,2,"",engl310_24_synth_noPINTs.wav,4,"",engl310_24_synth_nopints,"","","","","","","","","",1,4,"","",""
736789,4,1,nopints,1,nopints,2,"",engl310_01_synth_noPINTs.wav,1,"",engl310_01_synth_nopints,"","","","","","","","","",1,1,"","",""
736789,1,1,nopints,1,questionnaire,3,27,"",1,"","",2,uni,"",no,3,ger,no,3,"","","","",adv,c2
736789,1,1,nopints,1,congratulations,4,"","",1,"","","","","","","","","","","","","","","",""
736828,1,1,base_cg,1,questionnaire,3,19,"",1,"","",1,hs,"",no,2,ger,no,2,"","","","",adv,c1
736828,1,1,base_cg,1,congratulations,4,"","",1,"","","","","","","","","","","","","","","",""
736828,1,1,base_cg,1,instructions_computergen,1,"","",1,"","","","","","","","","","",6402936b73dc34102766e076,"","","","",""
736828,1,4,base_cg,1,base,2,"",engl310_24_synth_base.wav,4,"","","","",engl310_24_synth_base,"","","","","","",2,4,"","",""
736828,2,1,base_cg,1,base,2,"",engl310_01_synth_base.wav,1,"","","","",engl310_01_synth_base,"","","","","","",1,1,"","",""
736828,3,3,base_cg,1,base,2,"",engl310_13_synth_base.wav,3,"","","","",engl310_13_synth_base,"","","","","","",1,4,"","",""
736828,4,2,base_cg,1,base,2,"",engl310_07_synth_base.wav,2,"","","","",engl310_07_synth_base,"","","","","","",4,2,"","",""
736829,1,1,nopints_cg,1,congratulations,4,"","",1,"","","","","","","","","","","","","","","",""
736829,1,1,nopints_cg,1,instructions_computergen,1,"","",1,"","","","","","","","","","",6153963f97c84ce267a3d5fc,"","","","",""
736829,1,1,nopints_cg,1,nopints,2,"",engl310_01_synth_noPINTs.wav,1,"",engl310_01_synth_nopints,"","","","","","","","","",1,1,"","",""
736829,2,4,nopints_cg,1,nopints,2,"",engl310_24_synth_noPINTs.wav,4,"",engl310_24_synth_nopints,"","","","","","","","","",2,3,"","",""
736829,3,3,nopints_cg,1,nopints,2,"",engl310_13_synth_noPINTs.wav,3,"",engl310_13_synth_nopints,"","","","","","","","","",2,4,"","",""
736829,4,2,nopints_cg,1,nopints,2,"",engl310_07_synth_noPINTs.wav,2,"",engl310_07_synth_nopints,"","","","","","","","","",4,4,"","",""
736829,1,1,nopints_cg,1,questionnaire,3,42,"",1,"","",1,hs,"",no,2,ger,no,3,"","","","",adv,c1
736830,1,1,nopints,1,questionnaire,3,67,"",1,"","",2,uni,"",no,3,ger,no,3,"","","","",adv,c1
736830,1,1,nopints,1,congratulations,4,"","",1,"","","","","","","","","","","","","","","",""
736830,1,1,nopints,1,instructions,1,"","",1,"","","","","","","","","","",627e7906b82dabdbe672cdd1,"","","","",""
736830,1,4,nopints,1,nopints,2,"",engl310_24_synth_noPINTs.wav,4,"",engl310_24_synth_nopints,"","","","","","","","","",1,4,"","",""
736830,2,1,nopints,1,nopints,2,"",engl310_01_synth_noPINTs.wav,1,"",engl310_01_synth_nopints,"","","","","","","","","",1,4,"","",""
736830,3,2,nopints,1,nopints,2,"",engl310_07_synth_noPINTs.wav,2,"",engl310_07_synth_nopints,"","","","","","","","","",4,2,"","",""
736830,4,3,nopints,1,nopints,2,"",engl310_13_synth_noPINTs.wav,3,"",engl310_13_synth_nopints,"","","","","","","","","",1,4,"","",""
736835,1,1,sil_cg,1,questionnaire,3,31,"",1,"","",2,uni,"",no,2,ger,no,2,"","","","",int,none
736835,1,1,sil_cg,1,congratulations,4,"","",1,"","","","","","","","","","","","","","","",""
736835,1,1,sil_cg,1,instructions_computergen,1,"","",1,"","","","","","","","","","",61547e4101693206125d0d96,"","","","",""
736835,1,1,sil_cg,1,silence,2,"",engl310_01_synth_sil.wav,1,engl310_01_synth_sil,"","","","","","","","","","",1,1,"","",""
736835,2,2,sil_cg,1,silence,2,"",engl310_07_synth_sil.wav,2,engl310_07_synth_sil,"","","","","","","","","","",4,2,"","",""
736835,3,3,sil_cg,1,silence,2,"",engl310_13_synth_sil.wav,3,engl310_13_synth_sil,"","","","","","","","","","",1,4,"","",""
736835,4,4,sil_cg,1,silence,2,"",engl310_24_synth_sil.wav,4,engl310_24_synth_sil,"","","","","","","","","","",2,4,"","",""
736842,1,1,sil_cg,1,questionnaire,3,24,"",1,"","",2,uni,"",no,3,ger,no,2,"","","","",int,none
736842,1,1,sil_cg,1,congratulations,4,"","",1,"","","","","","","","","","","","","","","",""
736842,1,1,sil_cg,1,instructions_computergen,1,"","",1,"","","","","","","","","","",63deb91fed937fd1bd573df7,"","","","",""
736842,1,2,sil_cg,1,silence,2,"",engl310_07_synth_sil.wav,2,engl310_07_synth_sil,"","","","","","","","","","",4,2,"","",""
736842,2,4,sil_cg,1,silence,2,"",engl310_24_synth_sil.wav,4,engl310_24_synth_sil,"","","","","","","","","","",1,4,"","",""
736842,3,3,sil_cg,1,silence,2,"",engl310_13_synth_sil.wav,3,engl310_13_synth_sil,"","","","","","","","","","",2,4,"","",""
736842,4,1,sil_cg,1,silence,2,"",engl310_01_synth_sil.wav,1,engl310_01_synth_sil,"","","","","","","","","","",1,3,"","",""
736832,1,1,sil_cg,1,questionnaire,3,33,"",1,"","",2,uni,"",no,3,ger,no,3,"","","","",adv,c1
736832,1,1,sil_cg,1,congratulations,4,"","",1,"","","","","","","","","","","","","","","",""
736832,1,1,sil_cg,1,instructions_computergen,1,"","",1,"","","","","","","","","","",5f5494aa76d6147f7ca89533,"","","","",""
736832,1,3,sil_cg,1,silence,2,"",engl310_13_synth_sil.wav,3,engl310_13_synth_sil,"","","","","","","","","","",2,4,"","",""
736832,2,2,sil_cg,1,silence,2,"",engl310_07_synth_sil.wav,2,engl310_07_synth_sil,"","","","","","","","","","",1,2,"","",""
736832,3,4,sil_cg,1,silence,2,"",engl310_24_synth_sil.wav,4,engl310_24_synth_sil,"","","","","","","","","","",3,4,"","",""
736832,4,1,sil_cg,1,silence,2,"",engl310_01_synth_sil.wav,1,engl310_01_synth_sil,"","","","","","","","","","",1,1,"","",""
736833,1,1,base,1,questionnaire,3,34,"",1,"","",1,uni,"",no,1,ger,no,1,"","","","",adv,c1
736833,1,1,base,1,congratulations,4,"","",1,"","","","","","","","","","","","","","","",""
736833,1,1,base,1,instructions,1,"","",1,"","","","","","","","","","",62e95cb1f31ba3691a3ce87c,"","","","",""
736833,1,4,base,1,base,2,"",engl310_24_synth_base.wav,4,"","","","",engl310_24_synth_base,"","","","","","",3,1,"","",""
736833,2,3,base,1,base,2,"",engl310_13_synth_base.wav,3,"","","","",engl310_13_synth_base,"","","","","","",1,4,"","",""
736833,3,1,base,1,base,2,"",engl310_01_synth_base.wav,1,"","","","",engl310_01_synth_base,"","","","","","",1,3,"","",""
736833,4,2,base,1,base,2,"",engl310_07_synth_base.wav,2,"","","","",engl310_07_synth_base,"","","","","","",4,2,"","",""
736834,1,1,sil,1,questionnaire,3,56,"",1,"","",2,other,"",no,3,ger,no,3,"","","","",adv,none
736834,1,1,sil,1,congratulations,4,"","",1,"","","","","","","","","","","","","","","",""
736834,1,1,sil,1,instructions,1,"","",1,"","","","","","","","","","",5ede3d2ef7c9f9068776c4d2,"","","","",""
736834,1,4,sil,1,silence,2,"",engl310_24_synth_sil.wav,4,engl310_24_synth_sil,"","","","","","","","","","",1,4,"","",""
736834,2,1,sil,1,silence,2,"",engl310_01_synth_sil.wav,1,engl310_01_synth_sil,"","","","","","","","","","",1,1,"","",""
736834,3,3,sil,1,silence,2,"",engl310_13_synth_sil.wav,3,engl310_13_synth_sil,"","","","","","","","","","",1,4,"","",""
736834,4,2,sil,1,silence,2,"",engl310_07_synth_sil.wav,2,engl310_07_synth_sil,"","","","","","","","","","",2,2,"","",""
736836,1,1,sil,1,questionnaire,3,49,"",1,"","",2,uni,"",no,3,ger,no,2,"","","","",adv,none
736836,1,1,sil,1,congratulations,4,"","",1,"","","","","","","","","","","","","","","",""
736836,1,1,sil,1,instructions,1,"","",1,"","","","","","","","","","",5b9f7f9eaa0e0e0001573bd2,"","","","",""
736836,1,1,sil,1,silence,2,"",engl310_01_synth_sil.wav,1,engl310_01_synth_sil,"","","","","","","","","","",2,1,"","",""
736836,2,4,sil,1,silence,2,"",engl310_24_synth_sil.wav,4,engl310_24_synth_sil,"","","","","","","","","","",2,1,"","",""
736836,3,2,sil,1,silence,2,"",engl310_07_synth_sil.wav,2,engl310_07_synth_sil,"","","","","","","","","","",2,2,"","",""
736836,4,3,sil,1,silence,2,"",engl310_13_synth_sil.wav,3,engl310_13_synth_sil,"","","","","","","","","","",2,4,"","",""
736837,1,1,nopints_cg,1,questionnaire,3,22,"",1,"","",1,hs,"",no,2,ger,no,4,"","","","",adv,c1
736837,1,1,nopints_cg,1,congratulations,4,"","",1,"","","","","","","","","","","","","","","",""
736837,1,1,nopints_cg,1,instructions_computergen,1,"","",1,"","","","","","","","","","",63d00921e0873c84180a48ce,"","","","",""
736837,1,1,nopints_cg,1,nopints,2,"",engl310_01_synth_noPINTs.wav,1,"",engl310_01_synth_nopints,"","","","","","","","","",3,3,"","",""
736837,2,3,nopints_cg,1,nopints,2,"",engl310_13_synth_noPINTs.wav,3,"",engl310_13_synth_nopints,"","","","","","","","","",2,4,"","",""
736837,3,2,nopints_cg,1,nopints,2,"",engl310_07_synth_noPINTs.wav,2,"",engl310_07_synth_nopints,"","","","","","","","","",4,4,"","",""
736837,4,4,nopints_cg,1,nopints,2,"",engl310_24_synth_noPINTs.wav,4,"",engl310_24_synth_nopints,"","","","","","","","","",2,4,"","",""
736839,1,1,base,1,questionnaire,3,40,"",1,"","",2,uni,"",no,2,ger,no,1,"","","","",adv,none
736839,1,1,base,1,congratulations,4,"","",1,"","","","","","","","","","","","","","","",""
736839,1,3,base,1,base,2,"",engl310_13_synth_base.wav,3,"","","","",engl310_13_synth_base,"","","","","","",2,4,"","",""
736839,2,2,base,1,base,2,"",engl310_07_synth_base.wav,2,"","","","",engl310_07_synth_base,"","","","","","",4,2,"","",""
736839,3,1,base,1,base,2,"",engl310_01_synth_base.wav,1,"","","","",engl310_01_synth_base,"","","","","","",1,1,"","",""
736839,4,4,base,1,base,2,"",engl310_24_synth_base.wav,4,"","","","",engl310_24_synth_base,"","","","","","",3,4,"","",""
736839,1,1,base,1,instructions,1,"","",1,"","","","","","","","","","",5fb42f807e81960acbfdb22e,"","","","",""
736840,1,1,base_cg,1,questionnaire,3,22,"",1,"","",2,uni,"",no,1,ger,no,5,"","","","",adv,c2
736840,1,1,base_cg,1,congratulations,4,"","",1,"","","","","","","","","","","","","","","",""
736840,1,1,base_cg,1,instructions_computergen,1,"","",1,"","","","","","","","","","",636540f16a0ba04d5bf4644e,"","","","",""
736840,1,1,base_cg,1,base,2,"",engl310_01_synth_base.wav,1,"","","","",engl310_01_synth_base,"","","","","","",1,4,"","",""
736840,2,4,base_cg,1,base,2,"",engl310_24_synth_base.wav,4,"","","","",engl310_24_synth_base,"","","","","","",1,1,"","",""
736840,3,2,base_cg,1,base,2,"",engl310_07_synth_base.wav,2,"","","","",engl310_07_synth_base,"","","","","","",4,2,"","",""
736840,4,3,base_cg,1,base,2,"",engl310_13_synth_base.wav,3,"","","","",engl310_13_synth_base,"","","","","","",1,2,"","",""
736841,1,1,nopints_cg,1,questionnaire,3,18,"",1,"","",1,hs,"",no,3,ger,no,5,"","","","",int,b2
736841,1,1,nopints_cg,1,instructions_computergen,1,"","",1,"","","","","","","","","","",6041247f16b18a059b9e2759,"","","","",""
736841,1,1,nopints_cg,1,nopints,2,"",engl310_01_synth_noPINTs.wav,1,"",engl310_01_synth_nopints,"","","","","","","","","",1,1,"","",""
736841,2,3,nopints_cg,1,nopints,2,"",engl310_13_synth_noPINTs.wav,3,"",engl310_13_synth_nopints,"","","","","","","","","",3,4,"","",""
736841,3,4,nopints_cg,1,nopints,2,"",engl310_24_synth_noPINTs.wav,4,"",engl310_24_synth_nopints,"","","","","","","","","",1,3,"","",""
736841,4,2,nopints_cg,1,nopints,2,"",engl310_07_synth_noPINTs.wav,2,"",engl310_07_synth_nopints,"","","","","","","","","",4,2,"","",""
736841,1,1,nopints_cg,1,congratulations,4,"","",1,"","","","","","","","","","","","","","","",""
736811,1,1,nopints,1,instructions,1,"","",1,"","","","","","","","","","",5fef891f9bf07d29c1ee7bfe,"","","","",""
736811,1,2,nopints,1,nopints,2,"",engl310_07_synth_noPINTs.wav,2,"",engl310_07_synth_nopints,"","","","","","","","","",4,2,"","",""
736811,2,4,nopints,1,nopints,2,"",engl310_24_synth_noPINTs.wav,4,"",engl310_24_synth_nopints,"","","","","","","","","",3,4,"","",""
736811,3,3,nopints,1,nopints,2,"",engl310_13_synth_noPINTs.wav,3,"",engl310_13_synth_nopints,"","","","","","","","","",1,4,"","",""
736811,4,1,nopints,1,nopints,2,"",engl310_01_synth_noPINTs.wav,1,"",engl310_01_synth_nopints,"","","","","","","","","",1,1,"","",""
736811,1,1,nopints,1,questionnaire,3,23,"",1,"","",3,uni,"",no,4,ger,no,4,"","","","",adv,c1
736811,1,1,nopints,1,congratulations,4,"","",1,"","","","","","","","","","","","","","","",""
736843,1,1,sil,1,questionnaire,3,27,"",1,"","",2,hs,"",no,4,ger,no,4,"","","","",adv,none
736843,1,1,sil,1,congratulations,4,"","",1,"","","","","","","","","","","","","","","",""
736843,1,1,sil,1,instructions,1,"","",1,"","","","","","","","","","",62c42b020ddc9564f77e2e24,"","","","",""
736843,1,1,sil,1,silence,2,"",engl310_01_synth_sil.wav,1,engl310_01_synth_sil,"","","","","","","","","","",1,3,"","",""
736843,2,2,sil,1,silence,2,"",engl310_07_synth_sil.wav,2,engl310_07_synth_sil,"","","","","","","","","","",4,2,"","",""
736843,3,3,sil,1,silence,2,"",engl310_13_synth_sil.wav,3,engl310_13_synth_sil,"","","","","","","","","","",1,4,"","",""
736843,4,4,sil,1,silence,2,"",engl310_24_synth_sil.wav,4,engl310_24_synth_sil,"","","","","","","","","","",3,4,"","",""
736845,1,1,base_cg,1,questionnaire,3,29,"",1,"","",1,uni,"",no,1,ger,no,1,"","","","",adv,c2
736845,1,1,base_cg,1,congratulations,4,"","",1,"","","","","","","","","","","","","","","",""
736845,1,1,base_cg,1,instructions_computergen,1,"","",1,"","","","","","","","","","",61265e70c72be8c9ebc041b7,"","","","",""
736845,1,1,base_cg,1,base,2,"",engl310_01_synth_base.wav,1,"","","","",engl310_01_synth_base,"","","","","","",1,3,"","",""
736845,2,2,base_cg,1,base,2,"",engl310_07_synth_base.wav,2,"","","","",engl310_07_synth_base,"","","","","","",2,4,"","",""
736845,3,4,base_cg,1,base,2,"",engl310_24_synth_base.wav,4,"","","","",engl310_24_synth_base,"","","","","","",1,3,"","",""
736845,4,3,base_cg,1,base,2,"",engl310_13_synth_base.wav,3,"","","","",engl310_13_synth_base,"","","","","","",2,4,"","",""
736846,1,1,nopints,1,congratulations,4,"","",1,"","","","","","","","","","","","","","","",""
736846,1,1,nopints,1,questionnaire,3,47,"",1,"","",2,uni,"",no,5,ger,no,5,"","","","",adv,c1
736846,1,1,nopints,1,instructions,1,"","",1,"","","","","","","","","","",615581f5bdaab1b48c38bc2c,"","","","",""
736846,1,1,nopints,1,nopints,2,"",engl310_01_synth_noPINTs.wav,1,"",engl310_01_synth_nopints,"","","","","","","","","",1,1,"","",""
736846,2,2,nopints,1,nopints,2,"",engl310_07_synth_noPINTs.wav,2,"",engl310_07_synth_nopints,"","","","","","","","","",4,2,"","",""
736846,3,3,nopints,1,nopints,2,"",engl310_13_synth_noPINTs.wav,3,"",engl310_13_synth_nopints,"","","","","","","","","",1,4,"","",""
736846,4,4,nopints,1,nopints,2,"",engl310_24_synth_noPINTs.wav,4,"",engl310_24_synth_nopints,"","","","","","","","","",2,4,"","",""
736847,1,1,nopints,1,questionnaire,3,19,"",1,"","",2,hs,"",yes,3,ger,no,3,"","","","",int,b2
736847,1,1,nopints,1,congratulations,4,"","",1,"","","","","","","","","","","","","","","",""
736847,1,1,nopints,1,instructions,1,"","",1,"","","","","","","","","","",63ee74be8d86f8b59f5274bb,"","","","",""
736847,1,2,nopints,1,nopints,2,"",engl310_07_synth_noPINTs.wav,2,"",engl310_07_synth_nopints,"","","","","","","","","",4,4,"","",""
736847,2,4,nopints,1,nopints,2,"",engl310_24_synth_noPINTs.wav,4,"",engl310_24_synth_nopints,"","","","","","","","","",4,4,"","",""
736847,3,3,nopints,1,nopints,2,"",engl310_13_synth_noPINTs.wav,3,"",engl310_13_synth_nopints,"","","","","","","","","",2,4,"","",""
736847,4,1,nopints,1,nopints,2,"",engl310_01_synth_noPINTs.wav,1,"",engl310_01_synth_nopints,"","","","","","","","","",2,1,"","",""
736848,1,1,nopints_cg,1,questionnaire,3,27,"",1,"","",2,uni,"",no,1,ger,no,3,"","","","",adv,c1
736848,1,1,nopints_cg,1,congratulations,4,"","",1,"","","","","","","","","","","","","","","",""
736848,1,1,nopints_cg,1,instructions_computergen,1,"","",1,"","","","","","","","","","",59dce9305de9b000017ec078,"","","","",""
736848,1,2,nopints_cg,1,nopints,2,"",engl310_07_synth_noPINTs.wav,2,"",engl310_07_synth_nopints,"","","","","","","","","",4,2,"","",""
736848,2,3,nopints_cg,1,nopints,2,"",engl310_13_synth_noPINTs.wav,3,"",engl310_13_synth_nopints,"","","","","","","","","",2,4,"","",""
736848,3,4,nopints_cg,1,nopints,2,"",engl310_24_synth_noPINTs.wav,4,"",engl310_24_synth_nopints,"","","","","","","","","",3,4,"","",""
736848,4,1,nopints_cg,1,nopints,2,"",engl310_01_synth_noPINTs.wav,1,"",engl310_01_synth_nopints,"","","","","","","","","",1,1,"","",""
736849,1,1,sil_cg,1,questionnaire,3,28,"",1,"","",3,uni,"",no,4,ger,no,2,"","","","",adv,a1
736849,1,1,sil_cg,1,congratulations,4,"","",1,"","","","","","","","","","","","","","","",""
736849,1,4,sil_cg,1,silence,2,"",engl310_24_synth_sil.wav,4,engl310_24_synth_sil,"","","","","","","","","","",3,4,"","",""
736849,2,3,sil_cg,1,silence,2,"",engl310_13_synth_sil.wav,3,engl310_13_synth_sil,"","","","","","","","","","",2,4,"","",""
736849,3,2,sil_cg,1,silence,2,"",engl310_07_synth_sil.wav,2,engl310_07_synth_sil,"","","","","","","","","","",4,2,"","",""
736849,4,1,sil_cg,1,silence,2,"",engl310_01_synth_sil.wav,1,engl310_01_synth_sil,"","","","","","","","","","",1,3,"","",""
736849,1,1,sil_cg,1,instructions_computergen,1,"","",1,"","","","","","","","","","",63d7d24b7c5c14735adffba7,"","","","",""
736850,1,1,base_cg,1,questionnaire,3,32,"",1,"","",1,uni,"",no,4,ger,no,2,"","","","",adv,none
736850,1,1,base_cg,1,congratulations,4,"","",1,"","","","","","","","","","","","","","","",""
736850,1,1,base_cg,1,instructions_computergen,1,"","",1,"","","","","","","","","","",637e1da154dddf50b9d82c82,"","","","",""
736850,1,1,base_cg,1,base,2,"",engl310_01_synth_base.wav,1,"","","","",engl310_01_synth_base,"","","","","","",1,1,"","",""
736850,2,4,base_cg,1,base,2,"",engl310_24_synth_base.wav,4,"","","","",engl310_24_synth_base,"","","","","","",2,3,"","",""
736850,3,2,base_cg,1,base,2,"",engl310_07_synth_base.wav,2,"","","","",engl310_07_synth_base,"","","","","","",4,2,"","",""
736850,4,3,base_cg,1,base,2,"",engl310_13_synth_base.wav,3,"","","","",engl310_13_synth_base,"","","","","","",2,4,"","",""
736851,1,3,base,1,base,2,"",engl310_13_synth_base.wav,3,"","","","",engl310_13_synth_base,"","","","","","",1,4,"","",""
736851,2,1,base,1,base,2,"",engl310_01_synth_base.wav,1,"","","","",engl310_01_synth_base,"","","","","","",1,2,"","",""
736851,3,4,base,1,base,2,"",engl310_24_synth_base.wav,4,"","","","",engl310_24_synth_base,"","","","","","",2,4,"","",""
736851,4,2,base,1,base,2,"",engl310_07_synth_base.wav,2,"","","","",engl310_07_synth_base,"","","","","","",1,4,"","",""
736851,1,1,base,1,questionnaire,3,40,"",1,"","",2,uni,"",no,3,ger,no,5,"","","","",adv,none
736851,1,1,base,1,congratulations,4,"","",1,"","","","","","","","","","","","","","","",""
736851,1,1,base,1,instructions,1,"","",1,"","","","","","","","","","",62d975b271ef86567275de5d,"","","","",""
736852,1,1,sil,1,silence,2,"",engl310_01_synth_sil.wav,1,engl310_01_synth_sil,"","","","","","","","","","",1,3,"","",""
736852,2,3,sil,1,silence,2,"",engl310_13_synth_sil.wav,3,engl310_13_synth_sil,"","","","","","","","","","",4,3,"","",""
736852,3,2,sil,1,silence,2,"",engl310_07_synth_sil.wav,2,engl310_07_synth_sil,"","","","","","","","","","",4,2,"","",""
736852,4,4,sil,1,silence,2,"",engl310_24_synth_sil.wav,4,engl310_24_synth_sil,"","","","","","","","","","",3,3,"","",""
736852,1,1,sil,1,questionnaire,3,50,"",1,"","",3,other,"",no,4,ger,no,4,"","","","",adv,none
736852,1,1,sil,1,congratulations,4,"","",1,"","","","","","","","","","","","","","","",""
736852,1,1,sil,1,instructions,1,"","",1,"","","","","","","","","","",63eb9a1748c296f11ede8767,"","","","",""
736853,1,1,sil,1,questionnaire,3,50,"",1,"","",2,uni,"",no,3,ger,no,2,"","","","",int,b2
736853,1,1,sil,1,congratulations,4,"","",1,"","","","","","","","","","","","","","","",""
736853,1,1,sil,1,instructions,1,"","",1,"","","","","","","","","","",61278b6f51370e291bdd7fdb,"","","","",""
736853,1,2,sil,1,silence,2,"",engl310_07_synth_sil.wav,2,engl310_07_synth_sil,"","","","","","","","","","",3,2,"","",""
736853,2,1,sil,1,silence,2,"",engl310_01_synth_sil.wav,1,engl310_01_synth_sil,"","","","","","","","","","",1,1,"","",""
736853,3,4,sil,1,silence,2,"",engl310_24_synth_sil.wav,4,engl310_24_synth_sil,"","","","","","","","","","",3,4,"","",""
736853,4,3,sil,1,silence,2,"",engl310_13_synth_sil.wav,3,engl310_13_synth_sil,"","","","","","","","","","",2,4,"","",""
736857,1,1,nopints,1,instructions,1,"","",1,"","","","","","","","","","",5fba966041a525a940d7322c,"","","","",""
736857,1,1,nopints,1,questionnaire,3,46,"",1,"","",5,uni,"",no,5,ger,no,5,"","","","",adv,c2
736857,1,1,nopints,1,congratulations,4,"","",1,"","","","","","","","","","","","","","","",""
736857,1,3,nopints,1,nopints,2,"",engl310_13_synth_noPINTs.wav,3,"",engl310_13_synth_nopints,"","","","","","","","","",1,4,"","",""
736857,2,4,nopints,1,nopints,2,"",engl310_24_synth_noPINTs.wav,4,"",engl310_24_synth_nopints,"","","","","","","","","",3,4,"","",""
736857,3,2,nopints,1,nopints,2,"",engl310_07_synth_noPINTs.wav,2,"",engl310_07_synth_nopints,"","","","","","","","","",4,2,"","",""
736857,4,1,nopints,1,nopints,2,"",engl310_01_synth_noPINTs.wav,1,"",engl310_01_synth_nopints,"","","","","","","","","",1,1,"","",""
736838,1,1,nopints,1,questionnaire,3,24,"",1,"","",1,hs,"",no,1,ger,no,4,"","","","",int,c1
736838,1,1,nopints,1,congratulations,4,"","",1,"","","","","","","","","","","","","","","",""
736838,1,1,nopints,1,instructions,1,"","",1,"","","","","","","","","","",640253ac4fa04026c937359e,"","","","",""
736838,1,3,nopints,1,nopints,2,"",engl310_13_synth_noPINTs.wav,3,"",engl310_13_synth_nopints,"","","","","","","","","",1,4,"","",""
736838,2,4,nopints,1,nopints,2,"",engl310_24_synth_noPINTs.wav,4,"",engl310_24_synth_nopints,"","","","","","","","","",2,1,"","",""
736838,3,1,nopints,1,nopints,2,"",engl310_01_synth_noPINTs.wav,1,"",engl310_01_synth_nopints,"","","","","","","","","",1,3,"","",""
736838,4,2,nopints,1,nopints,2,"",engl310_07_synth_noPINTs.wav,2,"",engl310_07_synth_nopints,"","","","","","","","","",4,2,"","",""
736881,1,1,sil_cg,1,instructions_computergen,1,"","",1,"","","","","","","","","","",61642079e97a8b33e926d76f,"","","","",""
736881,1,3,sil_cg,1,silence,2,"",engl310_13_synth_sil.wav,3,engl310_13_synth_sil,"","","","","","","","","","",1,4,"","",""
736881,2,4,sil_cg,1,silence,2,"",engl310_24_synth_sil.wav,4,engl310_24_synth_sil,"","","","","","","","","","",2,3,"","",""
736881,3,1,sil_cg,1,silence,2,"",engl310_01_synth_sil.wav,1,engl310_01_synth_sil,"","","","","","","","","","",1,2,"","",""
736881,4,2,sil_cg,1,silence,2,"",engl310_07_synth_sil.wav,2,engl310_07_synth_sil,"","","","","","","","","","",4,2,"","",""
736881,1,1,sil_cg,1,questionnaire,3,28,"",1,"","",2,uni,"",no,2,ger,no,2,"","","","",adv,c2
736881,1,1,sil_cg,1,congratulations,4,"","",1,"","","","","","","","","","","","","","","",""
